Epi_week,Category,Incidence
2014_01,Brazil,0
2014_01,Amazonas,0
2014_01,Manaus,0
2014_02,Brazil,0
2014_02,Amazonas,0
2014_02,Manaus,0
2014_03,Brazil,0
2014_03,Amazonas,0
2014_03,Manaus,0
2014_04,Brazil,0
2014_04,Amazonas,0
2014_04,Manaus,0
2014_05,Brazil,0
2014_05,Amazonas,0
2014_05,Manaus,0
2014_06,Brazil,0
2014_06,Amazonas,0
2014_06,Manaus,0
2014_07,Brazil,0
2014_07,Amazonas,0
2014_07,Manaus,0
2014_08,Brazil,0
2014_08,Amazonas,0
2014_08,Manaus,0
2014_09,Brazil,0
2014_09,Amazonas,0
2014_09,Manaus,0
2014_10,Brazil,0
2014_10,Amazonas,0
2014_10,Manaus,0
2014_11,Brazil,0
2014_11,Amazonas,0
2014_11,Manaus,0
2014_12,Brazil,0
2014_12,Amazonas,0
2014_12,Manaus,0
2014_13,Brazil,0
2014_13,Amazonas,0
2014_13,Manaus,0
2014_14,Brazil,0
2014_14,Amazonas,0
2014_14,Manaus,0
2014_15,Brazil,0
2014_15,Amazonas,0
2014_15,Manaus,0
2014_16,Brazil,0
2014_16,Amazonas,0
2014_16,Manaus,0
2014_17,Brazil,0
2014_17,Amazonas,0
2014_17,Manaus,0
2014_18,Brazil,0
2014_18,Amazonas,0
2014_18,Manaus,0
2014_19,Brazil,0
2014_19,Amazonas,0
2014_19,Manaus,0
2014_20,Brazil,0
2014_20,Amazonas,0
2014_20,Manaus,0
2014_21,Brazil,0
2014_21,Amazonas,0
2014_21,Manaus,0
2014_22,Brazil,0
2014_22,Amazonas,0
2014_22,Manaus,0
2014_23,Brazil,0
2014_23,Amazonas,0
2014_23,Manaus,0
2014_24,Brazil,0
2014_24,Amazonas,0
2014_24,Manaus,0
2014_25,Brazil,0
2014_25,Amazonas,0
2014_25,Manaus,0
2014_26,Brazil,0
2014_26,Amazonas,0
2014_26,Manaus,0
2014_27,Brazil,0
2014_27,Amazonas,0
2014_27,Manaus,0
2014_28,Brazil,0
2014_28,Amazonas,0
2014_28,Manaus,0
2014_29,Brazil,0
2014_29,Amazonas,0
2014_29,Manaus,0
2014_30,Brazil,0
2014_30,Amazonas,0
2014_30,Manaus,0
2014_31,Brazil,0
2014_31,Amazonas,0
2014_31,Manaus,0
2014_32,Brazil,0
2014_32,Amazonas,0
2014_32,Manaus,0
2014_33,Brazil,0
2014_33,Amazonas,0
2014_33,Manaus,0
2014_34,Brazil,0
2014_34,Amazonas,0
2014_34,Manaus,0
2014_35,Brazil,0
2014_35,Amazonas,0
2014_35,Manaus,0
2014_36,Brazil,0
2014_36,Amazonas,0
2014_36,Manaus,0
2014_37,Brazil,0
2014_37,Amazonas,0
2014_37,Manaus,0
2014_38,Brazil,0
2014_38,Amazonas,0
2014_38,Manaus,0
2014_39,Brazil,0
2014_39,Amazonas,0
2014_39,Manaus,0
2014_40,Brazil,0
2014_40,Amazonas,0
2014_40,Manaus,0
2014_41,Brazil,0
2014_41,Amazonas,0
2014_41,Manaus,0
2014_42,Brazil,0
2014_42,Amazonas,0
2014_42,Manaus,0
2014_43,Brazil,0
2014_43,Amazonas,0
2014_43,Manaus,0
2014_44,Brazil,0
2014_44,Amazonas,0
2014_44,Manaus,0
2014_45,Brazil,0.00098483
2014_45,Amazonas,0.025370324
2014_45,Manaus,0.048456914
2014_46,Brazil,0
2014_46,Amazonas,0
2014_46,Manaus,0
2014_47,Brazil,0
2014_47,Amazonas,0
2014_47,Manaus,0
2014_48,Brazil,0.000492415
2014_48,Amazonas,0
2014_48,Manaus,0
2014_49,Brazil,0.001477245
2014_49,Amazonas,0
2014_49,Manaus,0
2014_50,Brazil,0.00098483
2014_50,Amazonas,0
2014_50,Manaus,0
2014_51,Brazil,0.000492415
2014_51,Amazonas,0
2014_51,Manaus,0
2014_52,Brazil,0.00098483
2014_52,Amazonas,0
2014_52,Manaus,0
2014_53,Brazil,0
2014_53,Amazonas,0
2014_53,Manaus,0
2015_01,Brazil,0.00098483
2015_01,Amazonas,0
2015_01,Manaus,0
2015_02,Brazil,0.000492415
2015_02,Amazonas,0
2015_02,Manaus,0
2015_03,Brazil,0.001477245
2015_03,Amazonas,0.050740649
2015_03,Manaus,0.096913828
2015_04,Brazil,0.00196966
2015_04,Amazonas,0
2015_04,Manaus,0
2015_05,Brazil,0.00196966
2015_05,Amazonas,0
2015_05,Manaus,0
2015_06,Brazil,0
2015_06,Amazonas,0
2015_06,Manaus,0
2015_07,Brazil,0.00098483
2015_07,Amazonas,0
2015_07,Manaus,0
2015_08,Brazil,0.000492415
2015_08,Amazonas,0
2015_08,Manaus,0
2015_09,Brazil,0.00098483
2015_09,Amazonas,0
2015_09,Manaus,0
2015_10,Brazil,0.004431735
2015_10,Amazonas,0
2015_10,Manaus,0
2015_11,Brazil,0.002462075
2015_11,Amazonas,0.050740649
2015_11,Manaus,0.096913828
2015_12,Brazil,0.00295449
2015_12,Amazonas,0
2015_12,Manaus,0
2015_13,Brazil,0.00196966
2015_13,Amazonas,0
2015_13,Manaus,0
2015_14,Brazil,0.00196966
2015_14,Amazonas,0
2015_14,Manaus,0
2015_15,Brazil,0.00393932
2015_15,Amazonas,0.050740649
2015_15,Manaus,0.096913828
2015_16,Brazil,0.000492415
2015_16,Amazonas,0
2015_16,Manaus,0
2015_17,Brazil,0
2015_17,Amazonas,0
2015_17,Manaus,0
2015_18,Brazil,0.001477245
2015_18,Amazonas,0
2015_18,Manaus,0
2015_19,Brazil,0.00098483
2015_19,Amazonas,0.050740649
2015_19,Manaus,0.096913828
2015_20,Brazil,0
2015_20,Amazonas,0
2015_20,Manaus,0
2015_21,Brazil,0
2015_21,Amazonas,0
2015_21,Manaus,0
2015_22,Brazil,0.000492415
2015_22,Amazonas,0
2015_22,Manaus,0
2015_23,Brazil,0.000492415
2015_23,Amazonas,0
2015_23,Manaus,0
2015_24,Brazil,0.00196966
2015_24,Amazonas,0
2015_24,Manaus,0
2015_25,Brazil,0
2015_25,Amazonas,0
2015_25,Manaus,0
2015_26,Brazil,0
2015_26,Amazonas,0
2015_26,Manaus,0
2015_27,Brazil,0
2015_27,Amazonas,0
2015_27,Manaus,0
2015_28,Brazil,0
2015_28,Amazonas,0
2015_28,Manaus,0
2015_29,Brazil,0
2015_29,Amazonas,0
2015_29,Manaus,0
2015_30,Brazil,0
2015_30,Amazonas,0
2015_30,Manaus,0
2015_31,Brazil,0.001477245
2015_31,Amazonas,0
2015_31,Manaus,0
2015_32,Brazil,0.001477245
2015_32,Amazonas,0.050740649
2015_32,Manaus,0.096913828
2015_33,Brazil,0
2015_33,Amazonas,0
2015_33,Manaus,0
2015_34,Brazil,0
2015_34,Amazonas,0
2015_34,Manaus,0
2015_35,Brazil,0.000492415
2015_35,Amazonas,0.025370324
2015_35,Manaus,0.048456914
2015_36,Brazil,0.000492415
2015_36,Amazonas,0
2015_36,Manaus,0
2015_37,Brazil,0.000492415
2015_37,Amazonas,0
2015_37,Manaus,0
2015_38,Brazil,0.00098483
2015_38,Amazonas,0
2015_38,Manaus,0
2015_39,Brazil,0
2015_39,Amazonas,0
2015_39,Manaus,0
2015_40,Brazil,0.00098483
2015_40,Amazonas,0
2015_40,Manaus,0
2015_41,Brazil,0
2015_41,Amazonas,0
2015_41,Manaus,0
2015_42,Brazil,0
2015_42,Amazonas,0
2015_42,Manaus,0
2015_43,Brazil,0
2015_43,Amazonas,0
2015_43,Manaus,0
2015_44,Brazil,0
2015_44,Amazonas,0
2015_44,Manaus,0
2015_45,Brazil,0.00098483
2015_45,Amazonas,0
2015_45,Manaus,0
2015_46,Brazil,0.000492415
2015_46,Amazonas,0
2015_46,Manaus,0
2015_47,Brazil,0
2015_47,Amazonas,0
2015_47,Manaus,0
2015_48,Brazil,0
2015_48,Amazonas,0
2015_48,Manaus,0
2015_49,Brazil,0
2015_49,Amazonas,0
2015_49,Manaus,0
2015_50,Brazil,0
2015_50,Amazonas,0
2015_50,Manaus,0
2015_51,Brazil,0
2015_51,Amazonas,0
2015_51,Manaus,0
2015_52,Brazil,0
2015_52,Amazonas,0
2015_52,Manaus,0
2016_01,Brazil,0
2016_01,Amazonas,0
2016_01,Manaus,0
2016_02,Brazil,0
2016_02,Amazonas,0
2016_02,Manaus,0
2016_03,Brazil,0
2016_03,Amazonas,0
2016_03,Manaus,0
2016_04,Brazil,0
2016_04,Amazonas,0
2016_04,Manaus,0
2016_05,Brazil,0
2016_05,Amazonas,0
2016_05,Manaus,0
2016_06,Brazil,0
2016_06,Amazonas,0
2016_06,Manaus,0
2016_07,Brazil,0
2016_07,Amazonas,0
2016_07,Manaus,0
2016_08,Brazil,0.00098483
2016_08,Amazonas,0
2016_08,Manaus,0
2016_09,Brazil,0
2016_09,Amazonas,0
2016_09,Manaus,0
2016_10,Brazil,0.000492415
2016_10,Amazonas,0
2016_10,Manaus,0
2016_11,Brazil,0.000492415
2016_11,Amazonas,0
2016_11,Manaus,0
2016_12,Brazil,0.00196966
2016_12,Amazonas,0
2016_12,Manaus,0
2016_13,Brazil,0.000492415
2016_13,Amazonas,0
2016_13,Manaus,0
2016_14,Brazil,0
2016_14,Amazonas,0
2016_14,Manaus,0
2016_15,Brazil,0.000492415
2016_15,Amazonas,0
2016_15,Manaus,0
2016_16,Brazil,0.000492415
2016_16,Amazonas,0
2016_16,Manaus,0
2016_17,Brazil,0.00098483
2016_17,Amazonas,0
2016_17,Manaus,0
2016_18,Brazil,0
2016_18,Amazonas,0
2016_18,Manaus,0
2016_19,Brazil,0
2016_19,Amazonas,0
2016_19,Manaus,0
2016_20,Brazil,0.000492415
2016_20,Amazonas,0
2016_20,Manaus,0
2016_21,Brazil,0
2016_21,Amazonas,0
2016_21,Manaus,0
2016_22,Brazil,0
2016_22,Amazonas,0
2016_22,Manaus,0
2016_23,Brazil,0.00196966
2016_23,Amazonas,0
2016_23,Manaus,0
2016_24,Brazil,0
2016_24,Amazonas,0
2016_24,Manaus,0
2016_25,Brazil,0.002462075
2016_25,Amazonas,0
2016_25,Manaus,0
2016_26,Brazil,0
2016_26,Amazonas,0
2016_26,Manaus,0
2016_27,Brazil,0.000492415
2016_27,Amazonas,0
2016_27,Manaus,0
2016_28,Brazil,0
2016_28,Amazonas,0
2016_28,Manaus,0
2016_29,Brazil,0.000492415
2016_29,Amazonas,0
2016_29,Manaus,0
2016_30,Brazil,0.008371054
2016_30,Amazonas,0
2016_30,Manaus,0
2016_31,Brazil,0
2016_31,Amazonas,0
2016_31,Manaus,0
2016_32,Brazil,0.000492415
2016_32,Amazonas,0
2016_32,Manaus,0
2016_33,Brazil,0.00393932
2016_33,Amazonas,0
2016_33,Manaus,0
2016_34,Brazil,0.001477245
2016_34,Amazonas,0
2016_34,Manaus,0
2016_35,Brazil,0.001477245
2016_35,Amazonas,0.050740649
2016_35,Manaus,0
2016_36,Brazil,0.000492415
2016_36,Amazonas,0
2016_36,Manaus,0
2016_37,Brazil,0.000492415
2016_37,Amazonas,0
2016_37,Manaus,0
2016_38,Brazil,0.001477245
2016_38,Amazonas,0
2016_38,Manaus,0
2016_39,Brazil,0.000492415
2016_39,Amazonas,0
2016_39,Manaus,0
2016_40,Brazil,0.000492415
2016_40,Amazonas,0
2016_40,Manaus,0
2016_41,Brazil,0
2016_41,Amazonas,0
2016_41,Manaus,0
2016_42,Brazil,0
2016_42,Amazonas,0
2016_42,Manaus,0
2016_43,Brazil,0
2016_43,Amazonas,0
2016_43,Manaus,0
2016_44,Brazil,0.000492415
2016_44,Amazonas,0
2016_44,Manaus,0
2016_45,Brazil,0
2016_45,Amazonas,0
2016_45,Manaus,0
2016_46,Brazil,0
2016_46,Amazonas,0
2016_46,Manaus,0
2016_47,Brazil,0.00098483
2016_47,Amazonas,0
2016_47,Manaus,0
2016_48,Brazil,0.000492415
2016_48,Amazonas,0
2016_48,Manaus,0
2016_49,Brazil,0
2016_49,Amazonas,0
2016_49,Manaus,0
2016_50,Brazil,0
2016_50,Amazonas,0
2016_50,Manaus,0
2016_51,Brazil,0
2016_51,Amazonas,0
2016_51,Manaus,0
2016_52,Brazil,0
2016_52,Amazonas,0
2016_52,Manaus,0
2017_01,Brazil,0
2017_01,Amazonas,0
2017_01,Manaus,0
2017_02,Brazil,0.00098483
2017_02,Amazonas,0
2017_02,Manaus,0
2017_03,Brazil,0.000492415
2017_03,Amazonas,0
2017_03,Manaus,0
2017_04,Brazil,0
2017_04,Amazonas,0
2017_04,Manaus,0
2017_05,Brazil,0
2017_05,Amazonas,0
2017_05,Manaus,0
2017_06,Brazil,0
2017_06,Amazonas,0
2017_06,Manaus,0
2017_07,Brazil,0
2017_07,Amazonas,0
2017_07,Manaus,0
2017_08,Brazil,0.000492415
2017_08,Amazonas,0
2017_08,Manaus,0
2017_09,Brazil,0
2017_09,Amazonas,0
2017_09,Manaus,0
2017_10,Brazil,0.000492415
2017_10,Amazonas,0
2017_10,Manaus,0
2017_11,Brazil,0
2017_11,Amazonas,0
2017_11,Manaus,0
2017_12,Brazil,0
2017_12,Amazonas,0
2017_12,Manaus,0
2017_13,Brazil,0
2017_13,Amazonas,0
2017_13,Manaus,0
2017_14,Brazil,0
2017_14,Amazonas,0
2017_14,Manaus,0
2017_15,Brazil,0
2017_15,Amazonas,0
2017_15,Manaus,0
2017_16,Brazil,0.000492415
2017_16,Amazonas,0
2017_16,Manaus,0
2017_17,Brazil,0
2017_17,Amazonas,0
2017_17,Manaus,0
2017_18,Brazil,0
2017_18,Amazonas,0
2017_18,Manaus,0
2017_19,Brazil,0
2017_19,Amazonas,0
2017_19,Manaus,0
2017_20,Brazil,0
2017_20,Amazonas,0
2017_20,Manaus,0
2017_21,Brazil,0
2017_21,Amazonas,0
2017_21,Manaus,0
2017_22,Brazil,0
2017_22,Amazonas,0
2017_22,Manaus,0
2017_23,Brazil,0
2017_23,Amazonas,0
2017_23,Manaus,0
2017_24,Brazil,0
2017_24,Amazonas,0
2017_24,Manaus,0
2017_25,Brazil,0.000492415
2017_25,Amazonas,0
2017_25,Manaus,0
2017_26,Brazil,0
2017_26,Amazonas,0
2017_26,Manaus,0
2017_27,Brazil,0
2017_27,Amazonas,0
2017_27,Manaus,0
2017_28,Brazil,0.000492415
2017_28,Amazonas,0
2017_28,Manaus,0
2017_29,Brazil,0
2017_29,Amazonas,0
2017_29,Manaus,0
2017_30,Brazil,0
2017_30,Amazonas,0
2017_30,Manaus,0
2017_31,Brazil,0
2017_31,Amazonas,0
2017_31,Manaus,0
2017_32,Brazil,0
2017_32,Amazonas,0
2017_32,Manaus,0
2017_33,Brazil,0
2017_33,Amazonas,0
2017_33,Manaus,0
2017_34,Brazil,0
2017_34,Amazonas,0
2017_34,Manaus,0
2017_35,Brazil,0.000492415
2017_35,Amazonas,0
2017_35,Manaus,0
2017_36,Brazil,0
2017_36,Amazonas,0
2017_36,Manaus,0
2017_37,Brazil,0
2017_37,Amazonas,0
2017_37,Manaus,0
2017_38,Brazil,0
2017_38,Amazonas,0
2017_38,Manaus,0
2017_39,Brazil,0
2017_39,Amazonas,0
2017_39,Manaus,0
2017_40,Brazil,0
2017_40,Amazonas,0
2017_40,Manaus,0
2017_41,Brazil,0
2017_41,Amazonas,0
2017_41,Manaus,0
2017_42,Brazil,0
2017_42,Amazonas,0
2017_42,Manaus,0
2017_43,Brazil,0
2017_43,Amazonas,0
2017_43,Manaus,0
2017_44,Brazil,0
2017_44,Amazonas,0
2017_44,Manaus,0
2017_45,Brazil,0
2017_45,Amazonas,0
2017_45,Manaus,0
2017_46,Brazil,0
2017_46,Amazonas,0
2017_46,Manaus,0
2017_47,Brazil,0
2017_47,Amazonas,0
2017_47,Manaus,0
2017_48,Brazil,0
2017_48,Amazonas,0
2017_48,Manaus,0
2017_49,Brazil,0
2017_49,Amazonas,0
2017_49,Manaus,0
2017_50,Brazil,0.00098483
2017_50,Amazonas,0
2017_50,Manaus,0
2017_51,Brazil,0
2017_51,Amazonas,0
2017_51,Manaus,0
2017_52,Brazil,0
2017_52,Amazonas,0
2017_52,Manaus,0
2018_01,Brazil,0
2018_01,Amazonas,0
2018_01,Manaus,0
2018_02,Brazil,0.000492415
2018_02,Amazonas,0
2018_02,Manaus,0
2018_03,Brazil,0.000492415
2018_03,Amazonas,0
2018_03,Manaus,0
2018_04,Brazil,0.00393932
2018_04,Amazonas,0
2018_04,Manaus,0
2018_05,Brazil,0.005908979
2018_05,Amazonas,0
2018_05,Manaus,0
2018_06,Brazil,0.010833129
2018_06,Amazonas,0
2018_06,Manaus,0
2018_07,Brazil,0.008371054
2018_07,Amazonas,0
2018_07,Manaus,0
2018_08,Brazil,0.011817959
2018_08,Amazonas,0
2018_08,Manaus,0
2018_09,Brazil,0.010340714
2018_09,Amazonas,0
2018_09,Manaus,0
2018_10,Brazil,0.004924149
2018_10,Amazonas,0
2018_10,Manaus,0
2018_11,Brazil,0.002462075
2018_11,Amazonas,0
2018_11,Manaus,0
2018_12,Brazil,0.005908979
2018_12,Amazonas,0
2018_12,Manaus,0
2018_13,Brazil,0.003446905
2018_13,Amazonas,0
2018_13,Manaus,0
2018_14,Brazil,0.006401394
2018_14,Amazonas,0
2018_14,Manaus,0
2018_15,Brazil,0.010340714
2018_15,Amazonas,0
2018_15,Manaus,0
2018_16,Brazil,0.010833129
2018_16,Amazonas,0
2018_16,Manaus,0
2018_17,Brazil,0.010833129
2018_17,Amazonas,0
2018_17,Manaus,0
2018_18,Brazil,0.005416564
2018_18,Amazonas,0
2018_18,Manaus,0
2018_19,Brazil,0.004924149
2018_19,Amazonas,0
2018_19,Manaus,0
2018_20,Brazil,0.00393932
2018_20,Amazonas,0
2018_20,Manaus,0
2018_21,Brazil,0.00196966
2018_21,Amazonas,0
2018_21,Manaus,0
2018_22,Brazil,0.00295449
2018_22,Amazonas,0
2018_22,Manaus,0
2018_23,Brazil,0.00295449
2018_23,Amazonas,0
2018_23,Manaus,0
2018_24,Brazil,0.004924149
2018_24,Amazonas,0.025370324
2018_24,Manaus,0.048456914
2018_25,Brazil,0.002462075
2018_25,Amazonas,0
2018_25,Manaus,0
2018_26,Brazil,0
2018_26,Amazonas,0
2018_26,Manaus,0
2018_27,Brazil,0.00098483
2018_27,Amazonas,0
2018_27,Manaus,0
2018_28,Brazil,0.00098483
2018_28,Amazonas,0
2018_28,Manaus,0
2018_29,Brazil,0.00098483
2018_29,Amazonas,0
2018_29,Manaus,0
2018_30,Brazil,0.000492415
2018_30,Amazonas,0
2018_30,Manaus,0
2018_31,Brazil,0
2018_31,Amazonas,0
2018_31,Manaus,0
2018_32,Brazil,0.00196966
2018_32,Amazonas,0
2018_32,Manaus,0
2018_33,Brazil,0.000492415
2018_33,Amazonas,0
2018_33,Manaus,0
2018_34,Brazil,0.001477245
2018_34,Amazonas,0
2018_34,Manaus,0
2018_35,Brazil,0.00098483
2018_35,Amazonas,0
2018_35,Manaus,0
2018_36,Brazil,0.000492415
2018_36,Amazonas,0
2018_36,Manaus,0
2018_37,Brazil,0.000492415
2018_37,Amazonas,0
2018_37,Manaus,0
2018_38,Brazil,0.000492415
2018_38,Amazonas,0
2018_38,Manaus,0
2018_39,Brazil,0.001477245
2018_39,Amazonas,0
2018_39,Manaus,0
2018_40,Brazil,0.002462075
2018_40,Amazonas,0
2018_40,Manaus,0
2018_41,Brazil,0
2018_41,Amazonas,0
2018_41,Manaus,0
2018_42,Brazil,0.00196966
2018_42,Amazonas,0
2018_42,Manaus,0
2018_43,Brazil,0.00196966
2018_43,Amazonas,0
2018_43,Manaus,0
2018_44,Brazil,0.00098483
2018_44,Amazonas,0
2018_44,Manaus,0
2018_45,Brazil,0.00098483
2018_45,Amazonas,0
2018_45,Manaus,0
2018_46,Brazil,0.000492415
2018_46,Amazonas,0
2018_46,Manaus,0
2018_47,Brazil,0
2018_47,Amazonas,0
2018_47,Manaus,0
2018_48,Brazil,0.000492415
2018_48,Amazonas,0
2018_48,Manaus,0
2018_49,Brazil,0.00098483
2018_49,Amazonas,0
2018_49,Manaus,0
2018_50,Brazil,0.000492415
2018_50,Amazonas,0
2018_50,Manaus,0
2018_51,Brazil,0.000492415
2018_51,Amazonas,0
2018_51,Manaus,0
2018_52,Brazil,0
2018_52,Amazonas,0
2018_52,Manaus,0
2019_01,Brazil,0.00196966
2019_01,Amazonas,0
2019_01,Manaus,0
2019_02,Brazil,0.00196966
2019_02,Amazonas,0
2019_02,Manaus,0
2019_03,Brazil,0.00098483
2019_03,Amazonas,0
2019_03,Manaus,0
2019_04,Brazil,0.001477245
2019_04,Amazonas,0
2019_04,Manaus,0
2019_05,Brazil,0.001477245
2019_05,Amazonas,0
2019_05,Manaus,0
2019_06,Brazil,0.00295449
2019_06,Amazonas,0
2019_06,Manaus,0
2019_07,Brazil,0
2019_07,Amazonas,0
2019_07,Manaus,0
2019_08,Brazil,0.00196966
2019_08,Amazonas,0
2019_08,Manaus,0
2019_09,Brazil,0
2019_09,Amazonas,0
2019_09,Manaus,0
2019_10,Brazil,0
2019_10,Amazonas,0
2019_10,Manaus,0
2019_11,Brazil,0.00098483
2019_11,Amazonas,0
2019_11,Manaus,0
2019_12,Brazil,0.00295449
2019_12,Amazonas,0
2019_12,Manaus,0
2019_13,Brazil,0.001477245
2019_13,Amazonas,0
2019_13,Manaus,0
2019_14,Brazil,0.001477245
2019_14,Amazonas,0
2019_14,Manaus,0
2019_15,Brazil,0.00098483
2019_15,Amazonas,0
2019_15,Manaus,0
2019_16,Brazil,0.00098483
2019_16,Amazonas,0
2019_16,Manaus,0
2019_17,Brazil,0.00196966
2019_17,Amazonas,0
2019_17,Manaus,0
2019_18,Brazil,0.00098483
2019_18,Amazonas,0
2019_18,Manaus,0
2019_19,Brazil,0.003446905
2019_19,Amazonas,0.050740649
2019_19,Manaus,0.096913828
2019_20,Brazil,0.00098483
2019_20,Amazonas,0
2019_20,Manaus,0
2019_21,Brazil,0.000492415
2019_21,Amazonas,0
2019_21,Manaus,0
2019_22,Brazil,0.000492415
2019_22,Amazonas,0
2019_22,Manaus,0
2019_23,Brazil,0
2019_23,Amazonas,0
2019_23,Manaus,0
2019_24,Brazil,0
2019_24,Amazonas,0
2019_24,Manaus,0
2019_25,Brazil,0.000492415
2019_25,Amazonas,0
2019_25,Manaus,0
2019_26,Brazil,0
2019_26,Amazonas,0
2019_26,Manaus,0
2019_27,Brazil,0.00196966
2019_27,Amazonas,0
2019_27,Manaus,0
2019_28,Brazil,0
2019_28,Amazonas,0
2019_28,Manaus,0
2019_29,Brazil,0.000492415
2019_29,Amazonas,0
2019_29,Manaus,0
2019_30,Brazil,0
2019_30,Amazonas,0
2019_30,Manaus,0
2019_31,Brazil,0.000492415
2019_31,Amazonas,0
2019_31,Manaus,0
2019_32,Brazil,0.000492415
2019_32,Amazonas,0
2019_32,Manaus,0
2019_33,Brazil,0.000492415
2019_33,Amazonas,0
2019_33,Manaus,0
2019_34,Brazil,0
2019_34,Amazonas,0
2019_34,Manaus,0
2019_35,Brazil,0
2019_35,Amazonas,0
2019_35,Manaus,0
2019_36,Brazil,0
2019_36,Amazonas,0
2019_36,Manaus,0
2019_37,Brazil,0.000492415
2019_37,Amazonas,0
2019_37,Manaus,0
2019_38,Brazil,0
2019_38,Amazonas,0
2019_38,Manaus,0
2019_39,Brazil,0.002462075
2019_39,Amazonas,0
2019_39,Manaus,0
2019_40,Brazil,0.00098483
2019_40,Amazonas,0
2019_40,Manaus,0
2019_41,Brazil,0
2019_41,Amazonas,0
2019_41,Manaus,0
2019_42,Brazil,0
2019_42,Amazonas,0
2019_42,Manaus,0
2019_43,Brazil,0.000492415
2019_43,Amazonas,0
2019_43,Manaus,0
2019_44,Brazil,0.000492415
2019_44,Amazonas,0
2019_44,Manaus,0
2019_45,Brazil,0
2019_45,Amazonas,0
2019_45,Manaus,0
2019_46,Brazil,0.000492415
2019_46,Amazonas,0
2019_46,Manaus,0
2019_47,Brazil,0.000492415
2019_47,Amazonas,0
2019_47,Manaus,0
2019_48,Brazil,0.000492415
2019_48,Amazonas,0
2019_48,Manaus,0
2019_49,Brazil,0.003446905
2019_49,Amazonas,0
2019_49,Manaus,0
2019_50,Brazil,0.00393932
2019_50,Amazonas,0
2019_50,Manaus,0
2019_51,Brazil,0.002462075
2019_51,Amazonas,0
2019_51,Manaus,0
2019_52,Brazil,0
2019_52,Amazonas,0
2019_52,Manaus,0
2020_01,Brazil,0.001477245
2020_01,Amazonas,0.050740649
2020_01,Manaus,0.096913828
2020_02,Brazil,0.000492415
2020_02,Amazonas,0
2020_02,Manaus,0
2020_03,Brazil,0.00098483
2020_03,Amazonas,0
2020_03,Manaus,0
2020_04,Brazil,0.001477245
2020_04,Amazonas,0.050740649
2020_04,Manaus,0.096913828
2020_05,Brazil,0.00098483
2020_05,Amazonas,0
2020_05,Manaus,0
2020_06,Brazil,0.001477245
2020_06,Amazonas,0
2020_06,Manaus,0
2020_07,Brazil,0.00098483
2020_07,Amazonas,0
2020_07,Manaus,0
2020_08,Brazil,0.00098483
2020_08,Amazonas,0
2020_08,Manaus,0
2020_09,Brazil,0.001477245
2020_09,Amazonas,0
2020_09,Manaus,0
2020_10,Brazil,0
2020_10,Amazonas,0
2020_10,Manaus,0
2020_11,Brazil,0
2020_11,Amazonas,0
2020_11,Manaus,0
2020_12,Brazil,0.000492415
2020_12,Amazonas,0
2020_12,Manaus,0
2020_13,Brazil,0
2020_13,Amazonas,0
2020_13,Manaus,0
2020_14,Brazil,0.000492415
2020_14,Amazonas,0
2020_14,Manaus,0
2020_15,Brazil,0
2020_15,Amazonas,0
2020_15,Manaus,0
2020_16,Brazil,0
2020_16,Amazonas,0
2020_16,Manaus,0
2020_17,Brazil,0
2020_17,Amazonas,0
2020_17,Manaus,0
2020_18,Brazil,0.000492415
2020_18,Amazonas,0
2020_18,Manaus,0
2020_19,Brazil,0
2020_19,Amazonas,0
2020_19,Manaus,0
2020_20,Brazil,0
2020_20,Amazonas,0
2020_20,Manaus,0
2020_21,Brazil,0
2020_21,Amazonas,0
2020_21,Manaus,0
2020_22,Brazil,0
2020_22,Amazonas,0
2020_22,Manaus,0
2020_23,Brazil,0
2020_23,Amazonas,0
2020_23,Manaus,0
2020_24,Brazil,0
2020_24,Amazonas,0
2020_24,Manaus,0
2020_25,Brazil,0
2020_25,Amazonas,0
2020_25,Manaus,0
2020_26,Brazil,0.000492415
2020_26,Amazonas,0
2020_26,Manaus,0
2020_27,Brazil,0.000492415
2020_27,Amazonas,0
2020_27,Manaus,0
2020_28,Brazil,0.000492415
2020_28,Amazonas,0
2020_28,Manaus,0
2020_29,Brazil,0
2020_29,Amazonas,0
2020_29,Manaus,0
2020_30,Brazil,0
2020_30,Amazonas,0
2020_30,Manaus,0
2020_31,Brazil,0.000492415
2020_31,Amazonas,0
2020_31,Manaus,0
2020_32,Brazil,0
2020_32,Amazonas,0
2020_32,Manaus,0
2020_33,Brazil,0
2020_33,Amazonas,0
2020_33,Manaus,0
2020_34,Brazil,0.000492415
2020_34,Amazonas,0
2020_34,Manaus,0
2020_35,Brazil,0.000492415
2020_35,Amazonas,0
2020_35,Manaus,0
2020_36,Brazil,0
2020_36,Amazonas,0
2020_36,Manaus,0
2020_37,Brazil,0.000492415
2020_37,Amazonas,0
2020_37,Manaus,0
2020_38,Brazil,0.000492415
2020_38,Amazonas,0
2020_38,Manaus,0
2020_39,Brazil,0
2020_39,Amazonas,0
2020_39,Manaus,0
2020_40,Brazil,0.000492415
2020_40,Amazonas,0
2020_40,Manaus,0
2020_41,Brazil,0.00098483
2020_41,Amazonas,0
2020_41,Manaus,0
2020_42,Brazil,0.000492415
2020_42,Amazonas,0
2020_42,Manaus,0
2020_43,Brazil,0.000492415
2020_43,Amazonas,0
2020_43,Manaus,0
2020_44,Brazil,0
2020_44,Amazonas,0
2020_44,Manaus,0
2020_45,Brazil,0
2020_45,Amazonas,0
2020_45,Manaus,0
2020_46,Brazil,0.000492415
2020_46,Amazonas,0
2020_46,Manaus,0
2020_47,Brazil,0
2020_47,Amazonas,0
2020_47,Manaus,0
2020_48,Brazil,0
2020_48,Amazonas,0
2020_48,Manaus,0
2020_49,Brazil,0
2020_49,Amazonas,0
2020_49,Manaus,0
2020_50,Brazil,0.000492415
2020_50,Amazonas,0
2020_50,Manaus,0
2020_51,Brazil,0.000492415
2020_51,Amazonas,0
2020_51,Manaus,0
2020_52,Brazil,0
2020_52,Amazonas,0
2020_52,Manaus,0
2020_53,Brazil,0
2020_53,Amazonas,0
2020_53,Manaus,0
2021_01,Brazil,0.00196966
2021_01,Amazonas,0.025370324
2021_01,Manaus,0.048456914
2021_02,Brazil,0
2021_02,Amazonas,0
2021_02,Manaus,0
2021_03,Brazil,0
2021_03,Amazonas,0
2021_03,Manaus,0
2021_04,Brazil,0.000492415
2021_04,Amazonas,0
2021_04,Manaus,0
2021_05,Brazil,0.013787619
2021_05,Amazonas,0
2021_05,Manaus,0
2021_06,Brazil,0.020189013
2021_06,Amazonas,0
2021_06,Manaus,0
2021_07,Brazil,0.024620747
2021_07,Amazonas,0
2021_07,Manaus,0
2021_08,Brazil,0.028067652
2021_08,Amazonas,0
2021_08,Manaus,0
2021_09,Brazil,0
2021_09,Amazonas,0
2021_09,Manaus,0
2021_10,Brazil,0.004924149
2021_10,Amazonas,0
2021_10,Manaus,0
2021_11,Brazil,0.011325544
2021_11,Amazonas,0
2021_11,Manaus,0
2021_12,Brazil,0.007386224
2021_12,Amazonas,0
2021_12,Manaus,0
2021_13,Brazil,0.00295449
2021_13,Amazonas,0
2021_13,Manaus,0
2021_14,Brazil,0
2021_14,Amazonas,0
2021_14,Manaus,0
2021_15,Brazil,0.00196966
2021_15,Amazonas,0
2021_15,Manaus,0
2021_16,Brazil,0.00098483
2021_16,Amazonas,0.025370324
2021_16,Manaus,0
2021_17,Brazil,0
2021_17,Amazonas,0
2021_17,Manaus,0
2021_18,Brazil,0
2021_18,Amazonas,0
2021_18,Manaus,0
2021_19,Brazil,0.000492415
2021_19,Amazonas,0
2021_19,Manaus,0
2021_20,Brazil,0.001477245
2021_20,Amazonas,0
2021_20,Manaus,0
2021_21,Brazil,0.00098483
2021_21,Amazonas,0
2021_21,Manaus,0
2021_22,Brazil,0
2021_22,Amazonas,0
2021_22,Manaus,0
2021_23,Brazil,0
2021_23,Amazonas,0
2021_23,Manaus,0
2021_24,Brazil,0.00098483
2021_24,Amazonas,0
2021_24,Manaus,0
2021_25,Brazil,0.00196966
2021_25,Amazonas,0
2021_25,Manaus,0
2021_26,Brazil,0.001477245
2021_26,Amazonas,0
2021_26,Manaus,0
2021_27,Brazil,0.001477245
2021_27,Amazonas,0
2021_27,Manaus,0
2021_28,Brazil,0
2021_28,Amazonas,0
2021_28,Manaus,0
2021_29,Brazil,0.000492415
2021_29,Amazonas,0
2021_29,Manaus,0
2021_30,Brazil,0.000492415
2021_30,Amazonas,0
2021_30,Manaus,0
2021_31,Brazil,0.001477245
2021_31,Amazonas,0
2021_31,Manaus,0
2021_32,Brazil,0
2021_32,Amazonas,0
2021_32,Manaus,0
2021_33,Brazil,0.016249693
2021_33,Amazonas,0
2021_33,Manaus,0
2021_34,Brazil,0.000492415
2021_34,Amazonas,0
2021_34,Manaus,0
2021_35,Brazil,0.001477245
2021_35,Amazonas,0
2021_35,Manaus,0
2021_36,Brazil,0
2021_36,Amazonas,0
2021_36,Manaus,0
2021_37,Brazil,0.00196966
2021_37,Amazonas,0
2021_37,Manaus,0
2021_38,Brazil,0.000492415
2021_38,Amazonas,0
2021_38,Manaus,0
2021_39,Brazil,0.000492415
2021_39,Amazonas,0
2021_39,Manaus,0
2021_40,Brazil,0.000492415
2021_40,Amazonas,0
2021_40,Manaus,0
2021_41,Brazil,0.000492415
2021_41,Amazonas,0
2021_41,Manaus,0
2021_42,Brazil,0
2021_42,Amazonas,0
2021_42,Manaus,0
2021_43,Brazil,0
2021_43,Amazonas,0
2021_43,Manaus,0
2021_44,Brazil,0.00098483
2021_44,Amazonas,0
2021_44,Manaus,0
2021_45,Brazil,0.00098483
2021_45,Amazonas,0
2021_45,Manaus,0
2021_46,Brazil,0.00098483
2021_46,Amazonas,0
2021_46,Manaus,0
2021_47,Brazil,0.001477245
2021_47,Amazonas,0
2021_47,Manaus,0
2021_48,Brazil,0
2021_48,Amazonas,0
2021_48,Manaus,0
2021_49,Brazil,0.00196966
2021_49,Amazonas,0
2021_49,Manaus,0
2021_50,Brazil,0.019696598
2021_50,Amazonas,0
2021_50,Manaus,0
2021_51,Brazil,0.000492415
2021_51,Amazonas,0
2021_51,Manaus,0
2021_52,Brazil,0.001477245
2021_52,Amazonas,0
2021_52,Manaus,0
2022_01,Brazil,0.00295449
2022_01,Amazonas,0
2022_01,Manaus,0
2022_02,Brazil,0.004924149
2022_02,Amazonas,0
2022_02,Manaus,0
2022_03,Brazil,0.00196966
2022_03,Amazonas,0
2022_03,Manaus,0
2022_04,Brazil,0.00196966
2022_04,Amazonas,0
2022_04,Manaus,0
2022_05,Brazil,0.001477245
2022_05,Amazonas,0
2022_05,Manaus,0
2022_06,Brazil,0.00098483
2022_06,Amazonas,0
2022_06,Manaus,0
2022_07,Brazil,0.00098483
2022_07,Amazonas,0
2022_07,Manaus,0
2022_08,Brazil,0.00098483
2022_08,Amazonas,0
2022_08,Manaus,0
2022_09,Brazil,0
2022_09,Amazonas,0
2022_09,Manaus,0
2022_10,Brazil,0.001477245
2022_10,Amazonas,0
2022_10,Manaus,0
2022_11,Brazil,0.00098483
2022_11,Amazonas,0
2022_11,Manaus,0
2022_12,Brazil,0.00295449
2022_12,Amazonas,0
2022_12,Manaus,0
2022_13,Brazil,0.00098483
2022_13,Amazonas,0
2022_13,Manaus,0
2022_14,Brazil,0.002462075
2022_14,Amazonas,0
2022_14,Manaus,0
2022_15,Brazil,0.000492415
2022_15,Amazonas,0
2022_15,Manaus,0
2022_16,Brazil,0.00098483
2022_16,Amazonas,0
2022_16,Manaus,0
2022_17,Brazil,0.00196966
2022_17,Amazonas,0
2022_17,Manaus,0
2022_18,Brazil,0.00196966
2022_18,Amazonas,0
2022_18,Manaus,0
2022_19,Brazil,0.00196966
2022_19,Amazonas,0
2022_19,Manaus,0
2022_20,Brazil,0.001477245
2022_20,Amazonas,0
2022_20,Manaus,0
2022_21,Brazil,0.00196966
2022_21,Amazonas,0
2022_21,Manaus,0
2022_22,Brazil,0.003446905
2022_22,Amazonas,0
2022_22,Manaus,0
2022_23,Brazil,0.000492415
2022_23,Amazonas,0
2022_23,Manaus,0
2022_24,Brazil,0.000492415
2022_24,Amazonas,0
2022_24,Manaus,0
2022_25,Brazil,0
2022_25,Amazonas,0
2022_25,Manaus,0
2022_26,Brazil,0
2022_26,Amazonas,0
2022_26,Manaus,0
2022_27,Brazil,0
2022_27,Amazonas,0
2022_27,Manaus,0
2022_28,Brazil,0.00098483
2022_28,Amazonas,0
2022_28,Manaus,0
2022_29,Brazil,0.000492415
2022_29,Amazonas,0
2022_29,Manaus,0
2022_30,Brazil,0
2022_30,Amazonas,0
2022_30,Manaus,0
2022_31,Brazil,0
2022_31,Amazonas,0
2022_31,Manaus,0
2022_32,Brazil,0.00196966
2022_32,Amazonas,0
2022_32,Manaus,0
2022_33,Brazil,0
2022_33,Amazonas,0
2022_33,Manaus,0
2022_34,Brazil,0.00098483
2022_34,Amazonas,0
2022_34,Manaus,0
2022_35,Brazil,0.001477245
2022_35,Amazonas,0
2022_35,Manaus,0
2022_36,Brazil,0
2022_36,Amazonas,0
2022_36,Manaus,0
2022_37,Brazil,0.00098483
2022_37,Amazonas,0
2022_37,Manaus,0
2022_38,Brazil,0.000492415
2022_38,Amazonas,0
2022_38,Manaus,0
2022_39,Brazil,0
2022_39,Amazonas,0
2022_39,Manaus,0
2022_40,Brazil,0.00098483
2022_40,Amazonas,0
2022_40,Manaus,0
2022_41,Brazil,0
2022_41,Amazonas,0
2022_41,Manaus,0
2022_42,Brazil,0.000492415
2022_42,Amazonas,0
2022_42,Manaus,0
2022_43,Brazil,0
2022_43,Amazonas,0
2022_43,Manaus,0
2022_44,Brazil,0
2022_44,Amazonas,0
2022_44,Manaus,0
2022_45,Brazil,0.000492415
2022_45,Amazonas,0
2022_45,Manaus,0
2022_46,Brazil,0.000492415
2022_46,Amazonas,0
2022_46,Manaus,0
2022_47,Brazil,0.000492415
2022_47,Amazonas,0
2022_47,Manaus,0
2022_48,Brazil,0.000492415
2022_48,Amazonas,0
2022_48,Manaus,0
2022_49,Brazil,0
2022_49,Amazonas,0
2022_49,Manaus,0
2022_50,Brazil,0
2022_50,Amazonas,0
2022_50,Manaus,0
2022_51,Brazil,0.000492415
2022_51,Amazonas,0.025370324
2022_51,Manaus,0
2022_52,Brazil,0
2022_52,Amazonas,0
2022_52,Manaus,0
2023_01,Brazil,0.000492415
2023_01,Amazonas,0.025370324
2023_01,Manaus,0
2023_02,Brazil,0.003446905
2023_02,Amazonas,0.025370324
2023_02,Manaus,0.048456914
2023_03,Brazil,0.000492415
2023_03,Amazonas,0.025370324
2023_03,Manaus,0
2023_04,Brazil,0.00098483
2023_04,Amazonas,0
2023_04,Manaus,0
2023_05,Brazil,0.00196966
2023_05,Amazonas,0
2023_05,Manaus,0
2023_06,Brazil,0.004924149
2023_06,Amazonas,0.202962594
2023_06,Manaus,0
2023_07,Brazil,0.009355884
2023_07,Amazonas,0.228332919
2023_07,Manaus,0
2023_08,Brazil,0.001477245
2023_08,Amazonas,0
2023_08,Manaus,0
2023_09,Brazil,0.00393932
2023_09,Amazonas,0.050740649
2023_09,Manaus,0
2023_10,Brazil,0.006401394
2023_10,Amazonas,0.025370324
2023_10,Manaus,0
2023_11,Brazil,0.008371054
2023_11,Amazonas,0.025370324
2023_11,Manaus,0.048456914
2023_12,Brazil,0.011325544
2023_12,Amazonas,0
2023_12,Manaus,0
2023_13,Brazil,0.006401394
2023_13,Amazonas,0.025370324
2023_13,Manaus,0
2023_14,Brazil,0.006401394
2023_14,Amazonas,0.126851621
2023_14,Manaus,0.145370741
2023_15,Brazil,0.00393932
2023_15,Amazonas,0.025370324
2023_15,Manaus,0.048456914
2023_16,Brazil,0.00196966
2023_16,Amazonas,0.025370324
2023_16,Manaus,0.048456914
2023_17,Brazil,0.00196966
2023_17,Amazonas,0.050740649
2023_17,Manaus,0.048456914
2023_18,Brazil,0.000492415
2023_18,Amazonas,0.025370324
2023_18,Manaus,0
2023_19,Brazil,0.00196966
2023_19,Amazonas,0
2023_19,Manaus,0
2023_20,Brazil,0.003446905
2023_20,Amazonas,0.152221946
2023_20,Manaus,0
2023_21,Brazil,0.002462075
2023_21,Amazonas,0.076110973
2023_21,Manaus,0
2023_22,Brazil,0.004924149
2023_22,Amazonas,0
2023_22,Manaus,0
2023_23,Brazil,0.000492415
2023_23,Amazonas,0
2023_23,Manaus,0
2023_24,Brazil,0.003446905
2023_24,Amazonas,0
2023_24,Manaus,0
2023_25,Brazil,0.00098483
2023_25,Amazonas,0
2023_25,Manaus,0
2023_26,Brazil,0.004924149
2023_26,Amazonas,0.025370324
2023_26,Manaus,0.048456914
2023_27,Brazil,0.002462075
2023_27,Amazonas,0
2023_27,Manaus,0
2023_28,Brazil,0.002462075
2023_28,Amazonas,0
2023_28,Manaus,0
2023_29,Brazil,0.007386224
2023_29,Amazonas,0
2023_29,Manaus,0
2023_30,Brazil,0.006893809
2023_30,Amazonas,0
2023_30,Manaus,0
2023_31,Brazil,0.008863469
2023_31,Amazonas,0.025370324
2023_31,Manaus,0
2023_32,Brazil,0.016249693
2023_32,Amazonas,0.025370324
2023_32,Manaus,0
2023_33,Brazil,0.016249693
2023_33,Amazonas,0
2023_33,Manaus,0
2023_34,Brazil,0.012802789
2023_34,Amazonas,0.076110973
2023_34,Manaus,0
2023_35,Brazil,0.012802789
2023_35,Amazonas,0
2023_35,Manaus,0
2023_36,Brazil,0.011817959
2023_36,Amazonas,0
2023_36,Manaus,0
2023_37,Brazil,0.004431735
2023_37,Amazonas,0
2023_37,Manaus,0
2023_38,Brazil,0.002462075
2023_38,Amazonas,0
2023_38,Manaus,0
2023_39,Brazil,0.001477245
2023_39,Amazonas,0
2023_39,Manaus,0
2023_40,Brazil,0.00295449
2023_40,Amazonas,0
2023_40,Manaus,0
2023_41,Brazil,0.003446905
2023_41,Amazonas,0.025370324
2023_41,Manaus,0.048456914
2023_42,Brazil,0.00393932
2023_42,Amazonas,0.025370324
2023_42,Manaus,0
2023_43,Brazil,0.003446905
2023_43,Amazonas,0.025370324
2023_43,Manaus,0.048456914
2023_44,Brazil,0.004924149
2023_44,Amazonas,0
2023_44,Manaus,0
2023_45,Brazil,0.004924149
2023_45,Amazonas,0.025370324
2023_45,Manaus,0.048456914
2023_46,Brazil,0.00295449
2023_46,Amazonas,0.025370324
2023_46,Manaus,0.048456914
2023_47,Brazil,0.009848299
2023_47,Amazonas,0.152221946
2023_47,Manaus,0.242284569
2023_48,Brazil,0.019696598
2023_48,Amazonas,0.228332919
2023_48,Manaus,0.38765531
2023_49,Brazil,0.018711768
2023_49,Amazonas,0.608887783
2023_49,Manaus,1.162965931
2023_50,Brazil,0.04973391
2023_50,Amazonas,1.268516214
2023_50,Manaus,2.325931863
2023_51,Brazil,0.066968433
2023_51,Amazonas,2.816105995
2023_51,Manaus,4.264208415
2023_52,Brazil,0.078293977
2023_52,Amazonas,3.805548642
2023_52,Manaus,4.700320639
2024_01,Brazil,0.123596152
2024_01,Amazonas,5.175546153
2024_01,Manaus,6.008657312
2024_02,Brazil,0.170867987
2024_02,Amazonas,6.418692043
2024_02,Manaus,6.687054106
2024_03,Brazil,0.195981149
2024_03,Amazonas,6.951468853
2024_03,Manaus,6.687054106
2024_04,Brazil,0.282153765
2024_04,Amazonas,9.818315497
2024_04,Manaus,8.14076152
2024_05,Brazil,0.257533018
2024_05,Amazonas,7.991652148
2024_05,Manaus,5.08797595
2024_06,Brazil,0.251131624
2024_06,Amazonas,7.966281824
2024_06,Manaus,2.713587173
2024_07,Brazil,0.14427758
2024_07,Amazonas,4.059251885
2024_07,Manaus,1.550621242
2024_08,Brazil,0.232912271
2024_08,Amazonas,6.266470097
2024_08,Manaus,1.453707414
2024_09,Brazil,0.229957781
2024_09,Amazonas,5.556101018
2024_09,Manaus,0.484569138
2024_10,Brazil,0.192534245
2024_10,Amazonas,4.820361613
2024_10,Manaus,0.38765531
2024_11,Brazil,0.198443224
2024_11,Amazonas,3.374253129
2024_11,Manaus,0.145370741
2024_12,Brazil,0.194503905
2024_12,Amazonas,2.917587292
2024_12,Manaus,0.242284569
2024_13,Brazil,0.099960235
2024_13,Amazonas,1.826663348
2024_13,Manaus,0.290741483
2024_14,Brazil,0.137876186
2024_14,Amazonas,1.7759227
2024_14,Manaus,0.145370741
2024_15,Brazil,0.142800335
2024_15,Amazonas,1.699811727
2024_15,Manaus,0.096913828
2024_16,Brazil,0.140830675
2024_16,Amazonas,1.217775565
2024_16,Manaus,0.193827655
2024_17,Brazil,0.117194758
2024_17,Amazonas,1.167034917
2024_17,Manaus,0.145370741
2024_18,Brazil,0.104884384
2024_18,Amazonas,1.24314589
2024_18,Manaus,0.096913828
2024_19,Brazil,0.117687173
2024_19,Amazonas,0.583517458
2024_19,Manaus,0.096913828
2024_20,Brazil,0.136891356
2024_20,Amazonas,0.380554864
2024_20,Manaus,0.048456914
2024_21,Brazil,0.148709314
2024_21,Amazonas,0.53277681
2024_21,Manaus,0.096913828
2024_22,Brazil,0.089619521
2024_22,Amazonas,0.101481297
2024_22,Manaus,0
2024_23,Brazil,0.089619521
2024_23,Amazonas,0.101481297
2024_23,Manaus,0
2024_24,Brazil,0.125073397
2024_24,Amazonas,0.076110973
2024_24,Manaus,0.096913828
2024_25,Brazil,0.065491188
2024_25,Amazonas,0.202962594
2024_25,Manaus,0.048456914
2024_26,Brazil,0.054658059
2024_26,Amazonas,0.101481297
2024_26,Manaus,0
2024_27,Brazil,0.088634691
2024_27,Amazonas,0
2024_27,Manaus,0
2024_28,Brazil,0.104391969
2024_28,Amazonas,0
2024_28,Manaus,0
2024_29,Brazil,0.072877412
2024_29,Amazonas,0
2024_29,Manaus,0
2024_30,Brazil,0.039393196
2024_30,Amazonas,0.050740649
2024_30,Manaus,0.048456914
2024_31,Brazil,0.045302175
2024_31,Amazonas,0.050740649
2024_31,Manaus,0
2024_32,Brazil,0.040870441
2024_32,Amazonas,0
2024_32,Manaus,0
2024_33,Brazil,0.040378026
2024_33,Amazonas,0.025370324
2024_33,Manaus,0
2024_34,Brazil,0.023143503
2024_34,Amazonas,0.025370324
2024_34,Manaus,0
2024_35,Brazil,0.014280034
2024_35,Amazonas,0.025370324
2024_35,Manaus,0
2024_36,Brazil,0.009355884
2024_36,Amazonas,0
2024_36,Manaus,0
2024_37,Brazil,0.010833129
2024_37,Amazonas,0
2024_37,Manaus,0
2024_38,Brazil,0.008863469
2024_38,Amazonas,0
2024_38,Manaus,0
2024_39,Brazil,0.005908979
2024_39,Amazonas,0
2024_39,Manaus,0
2024_40,Brazil,0.011817959
2024_40,Amazonas,0
2024_40,Manaus,0
2024_41,Brazil,0.008863469
2024_41,Amazonas,0
2024_41,Manaus,0
2024_42,Brazil,0.028560067
2024_42,Amazonas,0
2024_42,Manaus,0
2024_43,Brazil,0.035453876
2024_43,Amazonas,0
2024_43,Manaus,0
2024_44,Brazil,0.092081595
2024_44,Amazonas,0
2024_44,Manaus,0
2024_45,Brazil,0.166436253
2024_45,Amazonas,0
2024_45,Manaus,0
2024_46,Brazil,0.165451423
2024_46,Amazonas,0
2024_46,Manaus,0
2024_47,Brazil,0.196965979
2024_47,Amazonas,0
2024_47,Manaus,0
2024_48,Brazil,0.341243559
2024_48,Amazonas,0.025370324
2024_48,Manaus,0
2024_49,Brazil,0.365371892
2024_49,Amazonas,0
2024_49,Manaus,0
2024_50,Brazil,0.373742946
2024_50,Amazonas,0.025370324
2024_50,Manaus,0
2024_51,Brazil,0.427416175
2024_51,Amazonas,0
2024_51,Manaus,0
2024_52,Brazil,0.300865534
2024_52,Amazonas,0
2024_52,Manaus,0
NA,Brazil,0.130982376
NA,Amazonas,0.405925188
NA,Manaus,0.533026052